{
  "total": 1234,
  "data": [
    {
      "position_date": "2018-12-28T09:30:00",
      "total_asset_value": 2364292.4844380263,
      "ending_cash": 44989.88443802634,
      "profit_and_loss": 1364292.4844380263,
      "daily_position": [
        {
          "asset_code": "600706.SH",
          "stock_name": "曲江文旅",
          "pos_amount": 37000,
          "pos_value": 376290,
          "pos_create_date": 0,
          "profit_and_loss": -13735.616117499976,
          "profit_and_loss_rate": 0,
          "close_price": 10.17,
          "cost_price": null,
          "markup": 0.0029585798816567413,
          "avg_price": 10.54123286804054,
          "pos_type": "STOCK",
          "pos_direction": null,
          "margin": null
        },
        {
          "asset_code": "603518.SH",
          "stock_name": "锦泓集团",
          "pos_amount": 34300,
          "pos_value": 483630,
          "pos_create_date": 0,
          "profit_and_loss": 3165.0487837499536,
          "profit_and_loss_rate": 0,
          "close_price": 14.1,
          "cost_price": null,
          "markup": 0.009305654974946242,
          "avg_price": 14.007724525255103,
          "pos_type": "STOCK",
          "pos_direction": null,
          "margin": null
        },
        {
          "asset_code": "511880.OF",
          "stock_name": "银华日利",
          "pos_amount": 3900,
          "pos_value": 390405.6,
          "pos_create_date": 0,
          "profit_and_loss": 1547.9424036000382,
          "profit_and_loss_rate": 0,
          "close_price": 100.104,
          "cost_price": null,
          "markup": -0.03299845440494587,
          "avg_price": 99.7070916913846,
          "pos_type": "STOCK",
          "pos_direction": null,
          "margin": null
        },
        {
          "asset_code": "002853.SZ",
          "stock_name": "皮阿诺",
          "pos_amount": 18700,
          "pos_value": 343519,
          "pos_create_date": 0,
          "profit_and_loss": -1079.3491000000024,
          "profit_and_loss_rate": 0,
          "close_price": 18.37,
          "cost_price": null,
          "markup": -0.012365591397849485,
          "avg_price": 18.427719203208557,
          "pos_type": "STOCK",
          "pos_direction": null,
          "margin": null
        },
        {
          "asset_code": "002790.SZ",
          "stock_name": "瑞尔特",
          "pos_amount": 31800,
          "pos_value": 336762,
          "pos_create_date": 0,
          "profit_and_loss": 22698.801277788978,
          "profit_and_loss_rate": 0,
          "close_price": 10.59,
          "cost_price": null,
          "markup": -0.0018850141376059919,
          "avg_price": 9.876201217679592,
          "pos_type": "STOCK",
          "pos_direction": null,
          "margin": null
        },
        {
          "asset_code": "002788.SZ",
          "stock_name": "鹭燕医药",
          "pos_amount": 30800,
          "pos_value": 388696,
          "pos_create_date": 0,
          "profit_and_loss": -14282.255937000034,
          "profit_and_loss_rate": 0,
          "close_price": 12.62,
          "cost_price": null,
          "markup": 0.007987220447284317,
          "avg_price": 13.083709608344156,
          "pos_type": "STOCK",
          "pos_direction": null,
          "margin": null
        }
      ]
    },
    {
      "position_date": "2018-12-27T09:30:00",
      "total_asset_value": 2360252.884438026,
      "ending_cash": 31339.88443802634,
      "profit_and_loss": 1360252.8844380265,
      "daily_position": [
        {
          "asset_code": "600706.SH",
          "stock_name": "曲江文旅",
          "pos_amount": 37000,
          "pos_value": 375180,
          "pos_create_date": 0,
          "profit_and_loss": -14845.616117499952,
          "profit_and_loss_rate": 0,
          "close_price": 10.14,
          "cost_price": null,
          "markup": -0.016488845780795337,
          "avg_price": 10.54123286804054,
          "pos_type": "STOCK",
          "pos_direction": null,
          "margin": null
        },
        {
          "asset_code": "511880.OF",
          "stock_name": "银华日利",
          "pos_amount": 3900,
          "pos_value": 403728,
          "pos_create_date": 0,
          "profit_and_loss": 1220.3424036000256,
          "profit_and_loss_rate": 0,
          "close_price": 103.52,
          "cost_price": null,
          "markup": 0.00021256449399980056,
          "avg_price": 103.2070916913846,
          "pos_type": "STOCK",
          "pos_direction": null,
          "margin": null
        },
        {
          "asset_code": "002853.SZ",
          "stock_name": "皮阿诺",
          "pos_amount": 18700,
          "pos_value": 347820,
          "pos_create_date": 0,
          "profit_and_loss": 3221.6509000000055,
          "profit_and_loss_rate": 0,
          "close_price": 18.6,
          "cost_price": null,
          "markup": -0.017432646592709895,
          "avg_price": 18.427719203208557,
          "pos_type": "STOCK",
          "pos_direction": null,
          "margin": null
        },
        {
          "asset_code": "603518.SH",
          "stock_name": "锦泓集团",
          "pos_amount": 34300,
          "pos_value": 479171,
          "pos_create_date": 0,
          "profit_and_loss": -1293.951216250012,
          "profit_and_loss_rate": 0,
          "close_price": 13.97,
          "cost_price": null,
          "markup": -0.006401137980085338,
          "avg_price": 14.007724525255103,
          "pos_type": "STOCK",
          "pos_direction": null,
          "margin": null
        },
        {
          "asset_code": "002790.SZ",
          "stock_name": "瑞尔特",
          "pos_amount": 31800,
          "pos_value": 337398,
          "pos_create_date": 0,
          "profit_and_loss": 23334.801277788967,
          "profit_and_loss_rate": 0,
          "close_price": 10.61,
          "cost_price": null,
          "markup": -0.031050228310502272,
          "avg_price": 9.876201217679592,
          "pos_type": "STOCK",
          "pos_direction": null,
          "margin": null
        },
        {
          "asset_code": "002788.SZ",
          "stock_name": "鹭燕医药",
          "pos_amount": 30800,
          "pos_value": 385616,
          "pos_create_date": 0,
          "profit_and_loss": -17362.255937000024,
          "profit_and_loss_rate": 0,
          "close_price": 12.52,
          "cost_price": null,
          "markup": -0.020344287949921738,
          "avg_price": 13.083709608344156,
          "pos_type": "STOCK",
          "pos_direction": null,
          "margin": null
        }
      ]
    },
    {
      "position_date": "2018-12-26T09:30:00",
      "total_asset_value": 2394535.0844380264,
      "ending_cash": 31339.88443802634,
      "profit_and_loss": 1394535.0844380262,
      "daily_position": [
        {
          "asset_code": "002790.SZ",
          "stock_name": "瑞尔特",
          "pos_amount": 31800,
          "pos_value": 348210,
          "pos_create_date": 0,
          "profit_and_loss": 34146.80127778896,
          "profit_and_loss_rate": 0,
          "close_price": 10.95,
          "cost_price": null,
          "markup": 0.016713091922005544,
          "avg_price": 9.876201217679592,
          "pos_type": "STOCK",
          "pos_direction": null,
          "margin": null
        },
        {
          "asset_code": "511880.OF",
          "stock_name": "银华日利",
          "pos_amount": 3900,
          "pos_value": 403642.2,
          "pos_create_date": 0,
          "profit_and_loss": 1134.5424036000595,
          "profit_and_loss_rate": 0,
          "close_price": 103.498,
          "cost_price": null,
          "markup": -0.00022217714280190623,
          "avg_price": 103.2070916913846,
          "pos_type": "STOCK",
          "pos_direction": null,
          "margin": null
        },
        {
          "asset_code": "600706.SH",
          "stock_name": "曲江文旅",
          "pos_amount": 37000,
          "pos_value": 381470,
          "pos_create_date": 0,
          "profit_and_loss": -8555.616117499956,
          "profit_and_loss_rate": 0,
          "close_price": 10.31,
          "cost_price": null,
          "markup": 0.006835937500000028,
          "avg_price": 10.54123286804054,
          "pos_type": "STOCK",
          "pos_direction": null,
          "margin": null
        },
        {
          "asset_code": "002853.SZ",
          "stock_name": "皮阿诺",
          "pos_amount": 18700,
          "pos_value": 353991,
          "pos_create_date": 0,
          "profit_and_loss": 9392.650899999973,
          "profit_and_loss_rate": 0,
          "close_price": 18.93,
          "cost_price": null,
          "markup": 0.018289402904787512,
          "avg_price": 18.427719203208557,
          "pos_type": "STOCK",
          "pos_direction": null,
          "margin": null
        },
        {
          "asset_code": "603518.SH",
          "stock_name": "锦泓集团",
          "pos_amount": 34300,
          "pos_value": 482258,
          "pos_create_date": 0,
          "profit_and_loss": 1793.0487837499832,
          "profit_and_loss_rate": 0,
          "close_price": 14.06,
          "cost_price": null,
          "markup": -0.013333333333333298,
          "avg_price": 14.007724525255103,
          "pos_type": "STOCK",
          "pos_direction": null,
          "margin": null
        },
        {
          "asset_code": "002788.SZ",
          "stock_name": "鹭燕医药",
          "pos_amount": 30800,
          "pos_value": 393624,
          "pos_create_date": 0,
          "profit_and_loss": -9354.25593700003,
          "profit_and_loss_rate": 0,
          "close_price": 12.78,
          "cost_price": null,
          "markup": -0.023682200152788425,
          "avg_price": 13.083709608344156,
          "pos_type": "STOCK",
          "pos_direction": null,
          "margin": null
        }
      ]
    },
    {
      "position_date": "2018-12-25T09:30:00",
      "total_asset_value": 2396017.784438026,
      "ending_cash": 31339.88443802634,
      "profit_and_loss": 1396017.7844380261,
      "daily_position": [
        {
          "asset_code": "002853.SZ",
          "stock_name": "皮阿诺",
          "pos_amount": 18700,
          "pos_value": 347633,
          "pos_create_date": 0,
          "profit_and_loss": 3034.6508999999764,
          "profit_and_loss_rate": 0,
          "close_price": 18.59,
          "cost_price": null,
          "markup": -0.016402116402116335,
          "avg_price": 18.427719203208557,
          "pos_type": "STOCK",
          "pos_direction": null,
          "margin": null
        },
        {
          "asset_code": "603518.SH",
          "stock_name": "锦泓集团",
          "pos_amount": 34300,
          "pos_value": 488775,
          "pos_create_date": 0,
          "profit_and_loss": 8310.048783749966,
          "profit_and_loss_rate": 0,
          "close_price": 14.25,
          "cost_price": null,
          "markup": -0.020618556701030976,
          "avg_price": 14.007724525255103,
          "pos_type": "STOCK",
          "pos_direction": null,
          "margin": null
        },
        {
          "asset_code": "600706.SH",
          "stock_name": "曲江文旅",
          "pos_amount": 37000,
          "pos_value": 378880,
          "pos_create_date": 0,
          "profit_and_loss": -11145.616117499965,
          "profit_and_loss_rate": 0,
          "close_price": 10.24,
          "cost_price": null,
          "markup": -0.02009569377990422,
          "avg_price": 10.54123286804054,
          "pos_type": "STOCK",
          "pos_direction": null,
          "margin": null
        },
        {
          "asset_code": "511880.OF",
          "stock_name": "银华日利",
          "pos_amount": 3900,
          "pos_value": 403731.9,
          "pos_create_date": 0,
          "profit_and_loss": 1224.2424036000443,
          "profit_and_loss_rate": 0,
          "close_price": 103.521,
          "cost_price": null,
          "markup": -0.000057955895563478394,
          "avg_price": 103.2070916913846,
          "pos_type": "STOCK",
          "pos_direction": null,
          "margin": null
        },
        {
          "asset_code": "002788.SZ",
          "stock_name": "鹭燕医药",
          "pos_amount": 30800,
          "pos_value": 403172,
          "pos_create_date": 0,
          "profit_and_loss": 193.74406299998483,
          "profit_and_loss_rate": 0,
          "close_price": 13.09,
          "cost_price": null,
          "markup": 0.010810810810810855,
          "avg_price": 13.083709608344156,
          "pos_type": "STOCK",
          "pos_direction": null,
          "margin": null
        },
        {
          "asset_code": "002790.SZ",
          "stock_name": "瑞尔特",
          "pos_amount": 31800,
          "pos_value": 342486,
          "pos_create_date": 0,
          "profit_and_loss": 28422.80127778897,
          "profit_and_loss_rate": 0,
          "close_price": 10.77,
          "cost_price": null,
          "markup": -0.020018198362147466,
          "avg_price": 9.876201217679592,
          "pos_type": "STOCK",
          "pos_direction": null,
          "margin": null
        }
      ]
    },
    {
      "position_date": "2018-12-24T09:30:00",
      "total_asset_value": 2422670.9643767765,
      "ending_cash": 5190.5643767763395,
      "profit_and_loss": 1422670.9643767762,
      "daily_position": [
        {
          "asset_code": "600706.SH",
          "stock_name": "曲江文旅",
          "pos_amount": 36500,
          "pos_value": 381425,
          "pos_create_date": 0,
          "profit_and_loss": -3435.4611174999973,
          "profit_and_loss_rate": 0,
          "close_price": 10.45,
          "cost_price": null,
          "markup": 0.007714561234329805,
          "avg_price": 10.54412222239726,
          "pos_type": "STOCK",
          "pos_direction": null,
          "margin": null
        },
        {
          "asset_code": "603518.SH",
          "stock_name": "锦泓集团",
          "pos_amount": 32300,
          "pos_value": 469965,
          "pos_create_date": 0,
          "profit_and_loss": 18336.05598374997,
          "profit_and_loss_rate": 0,
          "close_price": 14.55,
          "cost_price": null,
          "markup": 0.009715475364330366,
          "avg_price": 13.982320248181116,
          "pos_type": "STOCK",
          "pos_direction": null,
          "margin": null
        },
        {
          "asset_code": "511880.OF",
          "stock_name": "银华日利",
          "pos_amount": 4200,
          "pos_value": 434813.4,
          "pos_create_date": 0,
          "profit_and_loss": 1385.3832783000485,
          "profit_and_loss_rate": 0,
          "close_price": 103.527,
          "cost_price": null,
          "markup": 0.00011592522822779747,
          "avg_price": 103.19714683849999,
          "pos_type": "STOCK",
          "pos_direction": null,
          "margin": null
        },
        {
          "asset_code": "002788.SZ",
          "stock_name": "鹭燕医药",
          "pos_amount": 30400,
          "pos_value": 393680,
          "pos_create_date": 0,
          "profit_and_loss": -4168.135937000065,
          "profit_and_loss_rate": 0,
          "close_price": 12.95,
          "cost_price": null,
          "markup": 0.010928961748633784,
          "avg_price": 13.087109734769738,
          "pos_type": "STOCK",
          "pos_direction": null,
          "margin": null
        },
        {
          "asset_code": "002790.SZ",
          "stock_name": "瑞尔特",
          "pos_amount": 35300,
          "pos_value": 387947,
          "pos_create_date": 0,
          "profit_and_loss": 39369.980204000036,
          "profit_and_loss_rate": 0,
          "close_price": 10.99,
          "cost_price": null,
          "markup": 0.017592592592592545,
          "avg_price": 9.874703110368271,
          "pos_type": "STOCK",
          "pos_direction": null,
          "margin": null
        },
        {
          "asset_code": "002853.SZ",
          "stock_name": "皮阿诺",
          "pos_amount": 18500,
          "pos_value": 349650,
          "pos_create_date": 0,
          "profit_and_loss": 8824.414899999998,
          "profit_and_loss_rate": 0,
          "close_price": 18.9,
          "cost_price": null,
          "markup": 0.04017611447440819,
          "avg_price": 18.4230046,
          "pos_type": "STOCK",
          "pos_direction": null,
          "margin": null
        }
      ]
    },
    {
      "position_date": "2018-12-21T09:30:00",
      "total_asset_value": 2390710.564376776,
      "ending_cash": 5190.5643767763395,
      "profit_and_loss": 1390710.5643767763,
      "daily_position": [
        {
          "asset_code": "603518.SH",
          "stock_name": "锦泓集团",
          "pos_amount": 32300,
          "pos_value": 465443,
          "pos_create_date": 0,
          "profit_and_loss": 13814.055983749951,
          "profit_and_loss_rate": 0,
          "close_price": 14.41,
          "cost_price": null,
          "markup": 0.00698812019566734,
          "avg_price": 13.982320248181116,
          "pos_type": "STOCK",
          "pos_direction": null,
          "margin": null
        },
        {
          "asset_code": "002790.SZ",
          "stock_name": "瑞尔特",
          "pos_amount": 35300,
          "pos_value": 381240,
          "pos_create_date": 0,
          "profit_and_loss": 32662.98020400005,
          "profit_and_loss_rate": 0,
          "close_price": 10.8,
          "cost_price": null,
          "markup": 0.009345794392523497,
          "avg_price": 9.874703110368271,
          "pos_type": "STOCK",
          "pos_direction": null,
          "margin": null
        },
        {
          "asset_code": "002853.SZ",
          "stock_name": "皮阿诺",
          "pos_amount": 18500,
          "pos_value": 336145.00000000006,
          "pos_create_date": 0,
          "profit_and_loss": -4680.585099999945,
          "profit_and_loss_rate": 0,
          "close_price": 18.17,
          "cost_price": null,
          "markup": -0.0027442371020854643,
          "avg_price": 18.4230046,
          "pos_type": "STOCK",
          "pos_direction": null,
          "margin": null
        },
        {
          "asset_code": "600706.SH",
          "stock_name": "曲江文旅",
          "pos_amount": 36500,
          "pos_value": 378505,
          "pos_create_date": 0,
          "profit_and_loss": -6355.4611175,
          "profit_and_loss_rate": 0,
          "close_price": 10.37,
          "cost_price": null,
          "markup": -0.025375939849624187,
          "avg_price": 10.54412222239726,
          "pos_type": "STOCK",
          "pos_direction": null,
          "margin": null
        },
        {
          "asset_code": "511880.OF",
          "stock_name": "银华日利",
          "pos_amount": 4200,
          "pos_value": 434763,
          "pos_create_date": 0,
          "profit_and_loss": 1334.9832783000465,
          "profit_and_loss_rate": 0,
          "close_price": 103.515,
          "cost_price": null,
          "markup": 0.00025123443071240663,
          "avg_price": 103.19714683849999,
          "pos_type": "STOCK",
          "pos_direction": null,
          "margin": null
        },
        {
          "asset_code": "002788.SZ",
          "stock_name": "鹭燕医药",
          "pos_amount": 30400,
          "pos_value": 389424,
          "pos_create_date": 0,
          "profit_and_loss": -8424.135937000028,
          "profit_and_loss_rate": 0,
          "close_price": 12.81,
          "cost_price": null,
          "markup": -0.010046367851622799,
          "avg_price": 13.087109734769738,
          "pos_type": "STOCK",
          "pos_direction": null,
          "margin": null
        }
      ]
    },
    {
      "position_date": "2018-12-20T09:30:00",
      "total_asset_value": 2398573.364376776,
      "ending_cash": 5190.5643767763395,
      "profit_and_loss": 1398573.3643767757,
      "daily_position": [
        {
          "asset_code": "002853.SZ",
          "stock_name": "皮阿诺",
          "pos_amount": 18500,
          "pos_value": 337070,
          "pos_create_date": 0,
          "profit_and_loss": -3755.5850999999975,
          "profit_and_loss_rate": 0,
          "close_price": 18.22,
          "cost_price": null,
          "markup": -0.0010964912280701522,
          "avg_price": 18.4230046,
          "pos_type": "STOCK",
          "pos_direction": null,
          "margin": null
        },
        {
          "asset_code": "600706.SH",
          "stock_name": "曲江文旅",
          "pos_amount": 36500,
          "pos_value": 388360,
          "pos_create_date": 0,
          "profit_and_loss": 3499.538882500049,
          "profit_and_loss_rate": 0,
          "close_price": 10.64,
          "cost_price": null,
          "markup": -0.01754385964912276,
          "avg_price": 10.54412222239726,
          "pos_type": "STOCK",
          "pos_direction": null,
          "margin": null
        },
        {
          "asset_code": "511880.OF",
          "stock_name": "银华日利",
          "pos_amount": 4200,
          "pos_value": 434653.80000000005,
          "pos_create_date": 0,
          "profit_and_loss": 1225.7832783000622,
          "profit_and_loss_rate": 0,
          "close_price": 103.489,
          "cost_price": null,
          "markup": -0.00008695820209086495,
          "avg_price": 103.19714683849999,
          "pos_type": "STOCK",
          "pos_direction": null,
          "margin": null
        },
        {
          "asset_code": "002790.SZ",
          "stock_name": "瑞尔特",
          "pos_amount": 35300,
          "pos_value": 377710,
          "pos_create_date": 0,
          "profit_and_loss": 29132.980204000003,
          "profit_and_loss_rate": 0,
          "close_price": 10.7,
          "cost_price": null,
          "markup": 0.0009354536950420755,
          "avg_price": 9.874703110368271,
          "pos_type": "STOCK",
          "pos_direction": null,
          "margin": null
        },
        {
          "asset_code": "603518.SH",
          "stock_name": "锦泓集团",
          "pos_amount": 32300,
          "pos_value": 462213,
          "pos_create_date": 0,
          "profit_and_loss": 10584.055983749964,
          "profit_and_loss_rate": 0,
          "close_price": 14.31,
          "cost_price": null,
          "markup": -0.002787456445992972,
          "avg_price": 13.982320248181116,
          "pos_type": "STOCK",
          "pos_direction": null,
          "margin": null
        },
        {
          "asset_code": "002788.SZ",
          "stock_name": "鹭燕医药",
          "pos_amount": 30400,
          "pos_value": 393376,
          "pos_create_date": 0,
          "profit_and_loss": -4472.135937000058,
          "profit_and_loss_rate": 0,
          "close_price": 12.94,
          "cost_price": null,
          "markup": 0.0054390054390054616,
          "avg_price": 13.087109734769738,
          "pos_type": "STOCK",
          "pos_direction": null,
          "margin": null
        }
      ]
    },
    {
      "position_date": "2018-12-19T09:30:00",
      "total_asset_value": 2404727.1643767767,
      "ending_cash": 5190.5643767763395,
      "profit_and_loss": 1404727.1643767764,
      "daily_position": [
        {
          "asset_code": "002790.SZ",
          "stock_name": "瑞尔特",
          "pos_amount": 35300,
          "pos_value": 377357,
          "pos_create_date": 0,
          "profit_and_loss": 28779.98020400001,
          "profit_and_loss_rate": 0,
          "close_price": 10.69,
          "cost_price": null,
          "markup": -0.03082502266545783,
          "avg_price": 9.874703110368271,
          "pos_type": "STOCK",
          "pos_direction": null,
          "margin": null
        },
        {
          "asset_code": "603518.SH",
          "stock_name": "锦泓集团",
          "pos_amount": 32300,
          "pos_value": 463505,
          "pos_create_date": 0,
          "profit_and_loss": 11876.055983749935,
          "profit_and_loss_rate": 0,
          "close_price": 14.35,
          "cost_price": null,
          "markup": -0.015775034293552842,
          "avg_price": 13.982320248181116,
          "pos_type": "STOCK",
          "pos_direction": null,
          "margin": null
        },
        {
          "asset_code": "600706.SH",
          "stock_name": "曲江文旅",
          "pos_amount": 36500,
          "pos_value": 395295,
          "pos_create_date": 0,
          "profit_and_loss": 10434.538882500032,
          "profit_and_loss_rate": 0,
          "close_price": 10.83,
          "cost_price": null,
          "markup": -0.03389830508474583,
          "avg_price": 10.54412222239726,
          "pos_type": "STOCK",
          "pos_direction": null,
          "margin": null
        },
        {
          "asset_code": "002853.SZ",
          "stock_name": "皮阿诺",
          "pos_amount": 18500,
          "pos_value": 337440,
          "pos_create_date": 0,
          "profit_and_loss": -3385.5851000000052,
          "profit_and_loss_rate": 0,
          "close_price": 18.24,
          "cost_price": null,
          "markup": -0.017241379310344845,
          "avg_price": 18.4230046,
          "pos_type": "STOCK",
          "pos_direction": null,
          "margin": null
        },
        {
          "asset_code": "002788.SZ",
          "stock_name": "鹭燕医药",
          "pos_amount": 30400,
          "pos_value": 391248,
          "pos_create_date": 0,
          "profit_and_loss": -6600.135937000067,
          "profit_and_loss_rate": 0,
          "close_price": 12.87,
          "cost_price": null,
          "markup": -0.010760953112990052,
          "avg_price": 13.087109734769738,
          "pos_type": "STOCK",
          "pos_direction": null,
          "margin": null
        },
        {
          "asset_code": "511880.OF",
          "stock_name": "银华日利",
          "pos_amount": 4200,
          "pos_value": 434691.60000000003,
          "pos_create_date": 0,
          "profit_and_loss": 1263.5832783000637,
          "profit_and_loss_rate": 0,
          "close_price": 103.498,
          "cost_price": null,
          "markup": 0,
          "avg_price": 103.19714683849999,
          "pos_type": "STOCK",
          "pos_direction": null,
          "margin": null
        }
      ]
    },
    {
      "position_date": "2018-12-18T09:30:00",
      "total_asset_value": 2448204.1643767767,
      "ending_cash": 5190.5643767763395,
      "profit_and_loss": 1448204.1643767767,
      "daily_position": [
        {
          "asset_code": "002853.SZ",
          "stock_name": "皮阿诺",
          "pos_amount": 18500,
          "pos_value": 343360,
          "pos_create_date": 0,
          "profit_and_loss": 2534.4148999999998,
          "profit_and_loss_rate": 0,
          "close_price": 18.56,
          "cost_price": null,
          "markup": -0.0169491525423729,
          "avg_price": 18.4230046,
          "pos_type": "STOCK",
          "pos_direction": null,
          "margin": null
        },
        {
          "asset_code": "002788.SZ",
          "stock_name": "鹭燕医药",
          "pos_amount": 30400,
          "pos_value": 395504,
          "pos_create_date": 0,
          "profit_and_loss": -2344.13593700005,
          "profit_and_loss_rate": 0,
          "close_price": 13.01,
          "cost_price": null,
          "markup": 0.009309542280837798,
          "avg_price": 13.087109734769738,
          "pos_type": "STOCK",
          "pos_direction": null,
          "margin": null
        },
        {
          "asset_code": "603518.SH",
          "stock_name": "锦泓集团",
          "pos_amount": 32300,
          "pos_value": 470934,
          "pos_create_date": 0,
          "profit_and_loss": 19305.05598374995,
          "profit_and_loss_rate": 0,
          "close_price": 14.58,
          "cost_price": null,
          "markup": -0.008837525492862052,
          "avg_price": 13.982320248181116,
          "pos_type": "STOCK",
          "pos_direction": null,
          "margin": null
        },
        {
          "asset_code": "002790.SZ",
          "stock_name": "瑞尔特",
          "pos_amount": 35300,
          "pos_value": 389359,
          "pos_create_date": 0,
          "profit_and_loss": 40781.98020400001,
          "profit_and_loss_rate": 0,
          "close_price": 11.03,
          "cost_price": null,
          "markup": -0.003613369467028087,
          "avg_price": 9.874703110368271,
          "pos_type": "STOCK",
          "pos_direction": null,
          "margin": null
        },
        {
          "asset_code": "600706.SH",
          "stock_name": "曲江文旅",
          "pos_amount": 36500,
          "pos_value": 409165.00000000006,
          "pos_create_date": 0,
          "profit_and_loss": 24304.53888250006,
          "profit_and_loss_rate": 0,
          "close_price": 11.21,
          "cost_price": null,
          "markup": 0.049625468164794115,
          "avg_price": 10.54412222239726,
          "pos_type": "STOCK",
          "pos_direction": null,
          "margin": null
        },
        {
          "asset_code": "511880.OF",
          "stock_name": "银华日利",
          "pos_amount": 4200,
          "pos_value": 434691.60000000003,
          "pos_create_date": 0,
          "profit_and_loss": 1263.5832783000637,
          "profit_and_loss_rate": 0,
          "close_price": 103.498,
          "cost_price": null,
          "markup": 0.0001546162617653828,
          "avg_price": 103.19714683849999,
          "pos_type": "STOCK",
          "pos_direction": null,
          "margin": null
        }
      ]
    },
    {
      "position_date": "2018-12-17T09:30:00",
      "total_asset_value": 2436674.9643767765,
      "ending_cash": 5190.5643767763395,
      "profit_and_loss": 1436674.9643767767,
      "daily_position": [
        {
          "asset_code": "002853.SZ",
          "stock_name": "皮阿诺",
          "pos_amount": 18500,
          "pos_value": 349280,
          "pos_create_date": 0,
          "profit_and_loss": 8454.414900000005,
          "profit_and_loss_rate": 0,
          "close_price": 18.88,
          "cost_price": null,
          "markup": 0.05298382598996092,
          "avg_price": 18.4230046,
          "pos_type": "STOCK",
          "pos_direction": null,
          "margin": null
        },
        {
          "asset_code": "002788.SZ",
          "stock_name": "鹭燕医药",
          "pos_amount": 30400,
          "pos_value": 391856,
          "pos_create_date": 0,
          "profit_and_loss": -5992.135937000026,
          "profit_and_loss_rate": 0,
          "close_price": 12.89,
          "cost_price": null,
          "markup": -0.0380597014925373,
          "avg_price": 13.087109734769738,
          "pos_type": "STOCK",
          "pos_direction": null,
          "margin": null
        },
        {
          "asset_code": "511880.OF",
          "stock_name": "银华日利",
          "pos_amount": 4200,
          "pos_value": 434624.4,
          "pos_create_date": 0,
          "profit_and_loss": 1196.3832783000412,
          "profit_and_loss_rate": 0,
          "close_price": 103.482,
          "cost_price": null,
          "markup": 0.00013530753469667716,
          "avg_price": 103.19714683849999,
          "pos_type": "STOCK",
          "pos_direction": null,
          "margin": null
        },
        {
          "asset_code": "002790.SZ",
          "stock_name": "瑞尔特",
          "pos_amount": 35300,
          "pos_value": 390771,
          "pos_create_date": 0,
          "profit_and_loss": 42193.980204000036,
          "profit_and_loss_rate": 0,
          "close_price": 11.07,
          "cost_price": null,
          "markup": -0.008064516129032246,
          "avg_price": 9.874703110368271,
          "pos_type": "STOCK",
          "pos_direction": null,
          "margin": null
        },
        {
          "asset_code": "603518.SH",
          "stock_name": "锦泓集团",
          "pos_amount": 32300,
          "pos_value": 475133,
          "pos_create_date": 0,
          "profit_and_loss": 23504.055983749975,
          "profit_and_loss_rate": 0,
          "close_price": 14.71,
          "cost_price": null,
          "markup": 0.009608785175017197,
          "avg_price": 13.982320248181116,
          "pos_type": "STOCK",
          "pos_direction": null,
          "margin": null
        },
        {
          "asset_code": "600706.SH",
          "stock_name": "曲江文旅",
          "pos_amount": 36500,
          "pos_value": 389820,
          "pos_create_date": 0,
          "profit_and_loss": 4959.538882500018,
          "profit_and_loss_rate": 0,
          "close_price": 10.68,
          "cost_price": null,
          "markup": -0.015668202764976952,
          "avg_price": 10.54412222239726,
          "pos_type": "STOCK",
          "pos_direction": null,
          "margin": null
        }
      ]
    },
    {
      "position_date": "2018-12-14T09:30:00",
      "total_asset_value": 2439405.1643767767,
      "ending_cash": 5190.5643767763395,
      "profit_and_loss": 1439405.1643767764,
      "daily_position": [
        {
          "asset_code": "600706.SH",
          "stock_name": "曲江文旅",
          "pos_amount": 36500,
          "pos_value": 396025,
          "pos_create_date": 0,
          "profit_and_loss": 11164.538882500015,
          "profit_and_loss_rate": 0,
          "close_price": 10.85,
          "cost_price": null,
          "markup": -0.02690582959641262,
          "avg_price": 10.54412222239726,
          "pos_type": "STOCK",
          "pos_direction": null,
          "margin": null
        },
        {
          "asset_code": "511880.OF",
          "stock_name": "银华日利",
          "pos_amount": 4200,
          "pos_value": 434565.60000000003,
          "pos_create_date": 0,
          "profit_and_loss": 1137.583278300059,
          "profit_and_loss_rate": 0,
          "close_price": 103.468,
          "cost_price": null,
          "markup": 0.00021267134543632012,
          "avg_price": 103.19714683849999,
          "pos_type": "STOCK",
          "pos_direction": null,
          "margin": null
        },
        {
          "asset_code": "603518.SH",
          "stock_name": "锦泓集团",
          "pos_amount": 32300,
          "pos_value": 470611,
          "pos_create_date": 0,
          "profit_and_loss": 18982.055983749957,
          "profit_and_loss_rate": 0,
          "close_price": 14.57,
          "cost_price": null,
          "markup": -0.027369826435247005,
          "avg_price": 13.982320248181116,
          "pos_type": "STOCK",
          "pos_direction": null,
          "margin": null
        },
        {
          "asset_code": "002788.SZ",
          "stock_name": "鹭燕医药",
          "pos_amount": 30400,
          "pos_value": 407360,
          "pos_create_date": 0,
          "profit_and_loss": 9511.864062999968,
          "profit_and_loss_rate": 0,
          "close_price": 13.4,
          "cost_price": null,
          "markup": -0.013254786450662718,
          "avg_price": 13.087109734769738,
          "pos_type": "STOCK",
          "pos_direction": null,
          "margin": null
        },
        {
          "asset_code": "002853.SZ",
          "stock_name": "皮阿诺",
          "pos_amount": 18500,
          "pos_value": 331705,
          "pos_create_date": 0,
          "profit_and_loss": -9120.585099999982,
          "profit_and_loss_rate": 0,
          "close_price": 17.93,
          "cost_price": null,
          "markup": -0.030810810810810826,
          "avg_price": 18.4230046,
          "pos_type": "STOCK",
          "pos_direction": null,
          "margin": null
        },
        {
          "asset_code": "002790.SZ",
          "stock_name": "瑞尔特",
          "pos_amount": 35300,
          "pos_value": 393948,
          "pos_create_date": 0,
          "profit_and_loss": 45370.98020400003,
          "profit_and_loss_rate": 0,
          "close_price": 11.16,
          "cost_price": null,
          "markup": -0.013262599469496051,
          "avg_price": 9.874703110368271,
          "pos_type": "STOCK",
          "pos_direction": null,
          "margin": null
        }
      ]
    },
    {
      "position_date": "2018-12-13T09:30:00",
      "total_asset_value": 2484817.7643767763,
      "ending_cash": 5190.5643767763395,
      "profit_and_loss": 1484817.764376776,
      "daily_position": [
        {
          "asset_code": "002788.SZ",
          "stock_name": "鹭燕医药",
          "pos_amount": 30400,
          "pos_value": 412832,
          "pos_create_date": 0,
          "profit_and_loss": 14983.864062999959,
          "profit_and_loss_rate": 0,
          "close_price": 13.58,
          "cost_price": null,
          "markup": -0.013798111837327489,
          "avg_price": 13.087109734769738,
          "pos_type": "STOCK",
          "pos_direction": null,
          "margin": null
        },
        {
          "asset_code": "002853.SZ",
          "stock_name": "皮阿诺",
          "pos_amount": 18500,
          "pos_value": 342250,
          "pos_create_date": 0,
          "profit_and_loss": 1424.4149000000234,
          "profit_and_loss_rate": 0,
          "close_price": 18.5,
          "cost_price": null,
          "markup": 0.023796347537354715,
          "avg_price": 18.4230046,
          "pos_type": "STOCK",
          "pos_direction": null,
          "margin": null
        },
        {
          "asset_code": "600706.SH",
          "stock_name": "曲江文旅",
          "pos_amount": 36500,
          "pos_value": 406975,
          "pos_create_date": 0,
          "profit_and_loss": 22114.53888250004,
          "profit_and_loss_rate": 0,
          "close_price": 11.15,
          "cost_price": null,
          "markup": 0.0026978417266188075,
          "avg_price": 10.54412222239726,
          "pos_type": "STOCK",
          "pos_direction": null,
          "margin": null
        },
        {
          "asset_code": "002790.SZ",
          "stock_name": "瑞尔特",
          "pos_amount": 35300,
          "pos_value": 399243,
          "pos_create_date": 0,
          "profit_and_loss": 50665.98020400004,
          "profit_and_loss_rate": 0,
          "close_price": 11.31,
          "cost_price": null,
          "markup": 0.00982142857142868,
          "avg_price": 9.874703110368271,
          "pos_type": "STOCK",
          "pos_direction": null,
          "margin": null
        },
        {
          "asset_code": "603518.SH",
          "stock_name": "锦泓集团",
          "pos_amount": 32300,
          "pos_value": 483854,
          "pos_create_date": 0,
          "profit_and_loss": 32225.05598374996,
          "profit_and_loss_rate": 0,
          "close_price": 14.98,
          "cost_price": null,
          "markup": 0.008754208754208808,
          "avg_price": 13.982320248181116,
          "pos_type": "STOCK",
          "pos_direction": null,
          "margin": null
        },
        {
          "asset_code": "511880.OF",
          "stock_name": "银华日利",
          "pos_amount": 4200,
          "pos_value": 434473.2,
          "pos_create_date": 0,
          "profit_and_loss": 1045.1832783000355,
          "profit_and_loss_rate": 0,
          "close_price": 103.446,
          "cost_price": null,
          "markup": -0.0001836369786884981,
          "avg_price": 103.19714683849999,
          "pos_type": "STOCK",
          "pos_direction": null,
          "margin": null
        }
      ]
    },
    {
      "position_date": "2018-12-12T09:30:00",
      "total_asset_value": 2473541.564376776,
      "ending_cash": 5190.5643767763395,
      "profit_and_loss": 1473541.5643767759,
      "daily_position": [
        {
          "asset_code": "002853.SZ",
          "stock_name": "皮阿诺",
          "pos_amount": 18500,
          "pos_value": 334295,
          "pos_create_date": 0,
          "profit_and_loss": -6530.585099999971,
          "profit_and_loss_rate": 0,
          "close_price": 18.07,
          "cost_price": null,
          "markup": 0.016882386043894245,
          "avg_price": 18.4230046,
          "pos_type": "STOCK",
          "pos_direction": null,
          "margin": null
        },
        {
          "asset_code": "002788.SZ",
          "stock_name": "鹭燕医药",
          "pos_amount": 30400,
          "pos_value": 418608,
          "pos_create_date": 0,
          "profit_and_loss": 20759.864062999943,
          "profit_and_loss_rate": 0,
          "close_price": 13.77,
          "cost_price": null,
          "markup": 0.024553571428571435,
          "avg_price": 13.087109734769738,
          "pos_type": "STOCK",
          "pos_direction": null,
          "margin": null
        },
        {
          "asset_code": "603518.SH",
          "stock_name": "锦泓集团",
          "pos_amount": 32300,
          "pos_value": 479655,
          "pos_create_date": 0,
          "profit_and_loss": 28026.055983749935,
          "profit_and_loss_rate": 0,
          "close_price": 14.85,
          "cost_price": null,
          "markup": 0.008146639511201577,
          "avg_price": 13.982320248181116,
          "pos_type": "STOCK",
          "pos_direction": null,
          "margin": null
        },
        {
          "asset_code": "002790.SZ",
          "stock_name": "瑞尔特",
          "pos_amount": 35300,
          "pos_value": 395360,
          "pos_create_date": 0,
          "profit_and_loss": 46782.980204,
          "profit_and_loss_rate": 0,
          "close_price": 11.2,
          "cost_price": null,
          "markup": -0.0008920606601250278,
          "avg_price": 9.874703110368271,
          "pos_type": "STOCK",
          "pos_direction": null,
          "margin": null
        },
        {
          "asset_code": "511880.OF",
          "stock_name": "银华日利",
          "pos_amount": 4200,
          "pos_value": 434553,
          "pos_create_date": 0,
          "profit_and_loss": 1124.9832783000584,
          "profit_and_loss_rate": 0,
          "close_price": 103.465,
          "cost_price": null,
          "markup": 0.000019330581947261823,
          "avg_price": 103.19714683849999,
          "pos_type": "STOCK",
          "pos_direction": null,
          "margin": null
        },
        {
          "asset_code": "600706.SH",
          "stock_name": "曲江文旅",
          "pos_amount": 36500,
          "pos_value": 405880,
          "pos_create_date": 0,
          "profit_and_loss": 21019.5388825,
          "profit_and_loss_rate": 0,
          "close_price": 11.12,
          "cost_price": null,
          "markup": 0.006334841628959141,
          "avg_price": 10.54412222239726,
          "pos_type": "STOCK",
          "pos_direction": null,
          "margin": null
        }
      ]
    }
  ]
}
