[
  {
    "folder_id": "2",
    "title": "技术指标",
    "children": [
      {
        "title": "MACD交易策略"
      },
      {
        "title": "SAR交易策略"
      },
      {
        "title": "加速震荡交易策略"
      },
      {
        "title": "PSY交易策略"
      },
      {
        "title": "SMA移动均线入门"
      }
    ]
  },
  {
    "folder_id": "1",
    "title": "大师系列",
    "children": [
      {
        "title": "彼得林奇PEG价值选股策略"
      },
      {
        "title": "巴菲特的alpha"
      },
      {
        "title": "奥肖内西价值投资法"
      },
      {
        "title": "查尔斯.布兰德价值投资策略"
      },
      {
        "title": "本杰明格雷厄姆企业主投资法"
      },
      {
        "title": "史蒂夫·路佛价值选股法则"
      },
      {
        "title": "三一投资管理公司价值选股策略"
      },
      {
        "title": "迈克尔•普莱斯低估价值选股策略"
      }
    ]
  },
  {
    "folder_id": "4",
    "title": "多因子选股",
    "children": [
      {
        "title": "多因子alpha"
      },
      {
        "title": "三因子选股模型"
      },
      {
        "title": "因子选股-打分模型"
      }
    ]
  },
  {
    "folder_id": "5",
    "title": "形态策略",
    "children": [
      {
        "title": "breakaway脱离形态"
      },
      {
        "title": "三浪下跌形态"
      }
    ]
  },
  {
    "folder_id": "6",
    "title": "量化择时",
    "children": [
      {
        "title": "RSRS指标择时及大小盘轮动"
      },
      {
        "title": "单向波动差策略"
      },
      {
        "title": "基于奇异谱分析的均线择时策略"
      },
      {
        "title": "趋势追踪-组合指标择时"
      },
      {
        "title": "抛物线逼近择时"
      }
    ]
  },
  {
    "folder_id": "11",
    "title": "问财策略",
    "children": [
      {
        "title": "问财日级模板"
      },
      {
        "title": "问财分钟模板"
      }
    ]
  },
  {
    "folder_id": "9",
    "title": "入门教材策略",
    "children": [
      {
        "title": "单因子策略(一)"
      },
      {
        "title": "多因子策略(二)"
      },
      {
        "title": "动量策略(三)"
      },
      {
        "title": "反转效应(四)"
      },
      {
        "title": "双板块轮动(五)"
      },
      {
        "title": "多板块轮动(六)"
      }
    ]
  }
]
