{
  "total": 1230,
  "data": [
    {
      "trade_date": "2018-12-25 09:30:00",
      "asset_code": "603518.SH",
      "stock_name": "锦泓集团",
      "operation_type": "BUY",
      "trade_price": 14.4144,
      "trade_amount": 2000,
      "trade_value": 28828.800000000003,
      "commissions": 7.207200000000001,
      "source_algo_name": null,
      "cost": null,
      "margin": null
    },
    {
      "trade_date": "2018-12-25 09:30:00",
      "asset_code": "002853.SZ",
      "stock_name": "皮阿诺",
      "operation_type": "BUY",
      "trade_price": 18.838820000000002,
      "trade_amount": 200,
      "trade_value": 3767.7640000000006,
      "commissions": 5,
      "source_algo_name": null,
      "cost": null,
      "margin": null
    },
    {
      "trade_date": "2018-12-25 09:30:00",
      "asset_code": "002788.SZ",
      "stock_name": "鹭燕医药",
      "operation_type": "BUY",
      "trade_price": 12.812800000000001,
      "trade_amount": 400,
      "trade_value": 5125.120000000001,
      "commissions": 5,
      "source_algo_name": null,
      "cost": null,
      "margin": null
    },
    {
      "trade_date": "2018-12-25 09:30:00",
      "asset_code": "600706.SH",
      "stock_name": "曲江文旅",
      "operation_type": "BUY",
      "trade_price": 10.320310000000001,
      "trade_amount": 500,
      "trade_value": 5160.155000000001,
      "commissions": 5,
      "source_algo_name": null,
      "cost": null,
      "margin": null
    },
    {
      "trade_date": "2018-12-25 09:30:00",
      "asset_code": "002790.SZ",
      "stock_name": "瑞尔特",
      "operation_type": "SALE",
      "trade_price": 10.889100000000001,
      "trade_amount": -3500,
      "trade_value": 38111.850000000006,
      "commissions": 9.527962500000001,
      "source_algo_name": null,
      "cost": 38.111850000000004,
      "margin": null
    },
    {
      "trade_date": "2018-12-25 09:30:00",
      "asset_code": "511880.OF",
      "stock_name": "银华日利",
      "operation_type": "SALE",
      "trade_price": 103.42647,
      "trade_amount": -300,
      "trade_value": 31027.941,
      "commissions": 7.75698525,
      "source_algo_name": null,
      "cost": 31.027941,
      "margin": null
    },
    {
      "trade_date": "2018-12-03 09:30:00",
      "asset_code": "002788.SZ",
      "stock_name": "鹭燕医药",
      "operation_type": "SALE",
      "trade_price": 14.13585,
      "trade_amount": -1300,
      "trade_value": 18376.605,
      "commissions": 5,
      "source_algo_name": null,
      "cost": 18.376605,
      "margin": null
    },
    {
      "trade_date": "2018-12-03 09:30:00",
      "asset_code": "603186.SH",
      "stock_name": "华正新材",
      "operation_type": "SALE",
      "trade_price": 15.7842,
      "trade_amount": -23500,
      "trade_value": 370928.7,
      "commissions": 92.732175,
      "source_algo_name": null,
      "cost": 370.9287,
      "margin": null
    },
    {
      "trade_date": "2018-12-03 09:30:00",
      "asset_code": "002790.SZ",
      "stock_name": "瑞尔特",
      "operation_type": "BUY",
      "trade_price": 9.95995,
      "trade_amount": 900,
      "trade_value": 8963.955,
      "commissions": 5,
      "source_algo_name": null,
      "cost": null,
      "margin": null
    },
    {
      "trade_date": "2018-12-03 09:30:00",
      "asset_code": "600706.SH",
      "stock_name": "曲江文旅",
      "operation_type": "SALE",
      "trade_price": 11.17881,
      "trade_amount": -2500,
      "trade_value": 27947.025,
      "commissions": 6.986756250000001,
      "source_algo_name": null,
      "cost": 27.947025000000004,
      "margin": null
    },
    {
      "trade_date": "2018-12-03 09:30:00",
      "asset_code": "002853.SZ",
      "stock_name": "皮阿诺",
      "operation_type": "BUY",
      "trade_price": 18.4184,
      "trade_amount": 18500,
      "trade_value": 340740.39999999997,
      "commissions": 85.18509999999999,
      "source_algo_name": null,
      "cost": null,
      "margin": null
    },
    {
      "trade_date": "2018-12-03 09:30:00",
      "asset_code": "603518.SH",
      "stock_name": "锦泓集团",
      "operation_type": "BUY",
      "trade_price": 15.76575,
      "trade_amount": 1300,
      "trade_value": 20495.475000000002,
      "commissions": 5.123868750000001,
      "source_algo_name": null,
      "cost": null,
      "margin": null
    },
    {
      "trade_date": "2018-12-03 09:30:00",
      "asset_code": "511880.OF",
      "stock_name": "银华日利",
      "operation_type": "BUY",
      "trade_price": 103.479376,
      "trade_amount": 400,
      "trade_value": 41391.750400000004,
      "commissions": 10.347937600000002,
      "source_algo_name": null,
      "cost": null,
      "margin": null
    },
    {
      "trade_date": "2018-11-09 09:30:00",
      "asset_code": "603123.SH",
      "stock_name": "翠微股份",
      "operation_type": "SALE",
      "trade_price": 5.8241700000000005,
      "trade_amount": -82100,
      "trade_value": 478164.357,
      "commissions": 119.54108925000001,
      "source_algo_name": null,
      "cost": 478.16435700000005,
      "margin": null
    },
    {
      "trade_date": "2018-11-09 09:30:00",
      "asset_code": "000908.SZ",
      "stock_name": "景峰医药",
      "operation_type": "SALE",
      "trade_price": 4.07592,
      "trade_amount": -92000,
      "trade_value": 374984.64,
      "commissions": 93.74616,
      "source_algo_name": null,
      "cost": 374.98464,
      "margin": null
    },
    {
      "trade_date": "2018-11-09 09:30:00",
      "asset_code": "000785.SZ",
      "stock_name": "居然之家",
      "operation_type": "SALE",
      "trade_price": 6.7932,
      "trade_amount": -55700,
      "trade_value": 378381.24,
      "commissions": 94.59531,
      "source_algo_name": null,
      "cost": 378.38124,
      "margin": null
    },
    {
      "trade_date": "2018-11-09 09:30:00",
      "asset_code": "002682.SZ",
      "stock_name": "龙洲股份",
      "operation_type": "SALE",
      "trade_price": 4.65534,
      "trade_amount": -80000,
      "trade_value": 372427.2,
      "commissions": 93.1068,
      "source_algo_name": null,
      "cost": 372.4272,
      "margin": null
    },
    {
      "trade_date": "2018-11-09 09:30:00",
      "asset_code": "603186.SH",
      "stock_name": "华正新材",
      "operation_type": "BUY",
      "trade_price": 13.50349,
      "trade_amount": 23500,
      "trade_value": 317332.01499999996,
      "commissions": 79.33300374999999,
      "source_algo_name": null,
      "cost": null,
      "margin": null
    },
    {
      "trade_date": "2018-11-09 09:30:00",
      "asset_code": "603518.SH",
      "stock_name": "锦泓集团",
      "operation_type": "BUY",
      "trade_price": 13.90389,
      "trade_amount": 31000,
      "trade_value": 431020.59,
      "commissions": 107.7551475,
      "source_algo_name": null,
      "cost": null,
      "margin": null
    },
    {
      "trade_date": "2018-11-09 09:30:00",
      "asset_code": "511880.OF",
      "stock_name": "银华日利",
      "operation_type": "BUY",
      "trade_price": 103.339236,
      "trade_amount": 1000,
      "trade_value": 103339.236,
      "commissions": 25.834809,
      "source_algo_name": null,
      "cost": null,
      "margin": null
    },
    {
      "trade_date": "2018-11-09 09:30:00",
      "asset_code": "300497.SZ",
      "stock_name": "富祥药业",
      "operation_type": "SALE",
      "trade_price": 16.39359,
      "trade_amount": -24100,
      "trade_value": 395085.519,
      "commissions": 98.77137975,
      "source_algo_name": null,
      "cost": 395.085519,
      "margin": null
    },
    {
      "trade_date": "2018-11-09 09:30:00",
      "asset_code": "002788.SZ",
      "stock_name": "鹭燕医药",
      "operation_type": "BUY",
      "trade_price": 13.083070000000001,
      "trade_amount": 31700,
      "trade_value": 414733.319,
      "commissions": 103.68332975000001,
      "source_algo_name": null,
      "cost": null,
      "margin": null
    },
    {
      "trade_date": "2018-11-09 09:30:00",
      "asset_code": "002790.SZ",
      "stock_name": "瑞尔特",
      "operation_type": "BUY",
      "trade_price": 9.86986,
      "trade_amount": 34400,
      "trade_value": 339523.18399999995,
      "commissions": 84.88079599999999,
      "source_algo_name": null,
      "cost": null,
      "margin": null
    },
    {
      "trade_date": "2018-11-09 09:30:00",
      "asset_code": "600706.SH",
      "stock_name": "曲江文旅",
      "operation_type": "BUY",
      "trade_price": 10.540529999999999,
      "trade_amount": 39000,
      "trade_value": 411080.6699999999,
      "commissions": 102.77016749999999,
      "source_algo_name": null,
      "cost": null,
      "margin": null
    },
    {
      "trade_date": "2018-10-18 09:30:00",
      "asset_code": "603123.SH",
      "stock_name": "翠微股份",
      "operation_type": "SALE",
      "trade_price": 5.57442,
      "trade_amount": -10000,
      "trade_value": 55744.2,
      "commissions": 13.93605,
      "source_algo_name": null,
      "cost": 55.7442,
      "margin": null
    },
    {
      "trade_date": "2018-10-18 09:30:00",
      "asset_code": "000785.SZ",
      "stock_name": "居然之家",
      "operation_type": "SALE",
      "trade_price": 6.27372,
      "trade_amount": -2300,
      "trade_value": 14429.556,
      "commissions": 5,
      "source_algo_name": null,
      "cost": 14.429556000000002,
      "margin": null
    },
    {
      "trade_date": "2018-10-18 09:30:00",
      "asset_code": "300497.SZ",
      "stock_name": "富祥药业",
      "operation_type": "SALE",
      "trade_price": 15.174809999999999,
      "trade_amount": -1500,
      "trade_value": 22762.215,
      "commissions": 5.69055375,
      "source_algo_name": null,
      "cost": 22.762215,
      "margin": null
    },
    {
      "trade_date": "2018-10-18 09:30:00",
      "asset_code": "002682.SZ",
      "stock_name": "龙洲股份",
      "operation_type": "SALE",
      "trade_price": 4.3956,
      "trade_amount": -13900,
      "trade_value": 61098.84,
      "commissions": 15.274709999999999,
      "source_algo_name": null,
      "cost": 61.098839999999996,
      "margin": null
    },
    {
      "trade_date": "2018-10-18 09:30:00",
      "asset_code": "000908.SZ",
      "stock_name": "景峰医药",
      "operation_type": "SALE",
      "trade_price": 3.97602,
      "trade_amount": -5300,
      "trade_value": 21072.906,
      "commissions": 5.2682265,
      "source_algo_name": null,
      "cost": 21.072906,
      "margin": null
    },
    {
      "trade_date": "2018-10-18 09:30:00",
      "asset_code": "511880.OF",
      "stock_name": "银华日利",
      "operation_type": "BUY",
      "trade_price": 103.177074,
      "trade_amount": 1500,
      "trade_value": 154765.611,
      "commissions": 38.69140275,
      "source_algo_name": null,
      "cost": null,
      "margin": null
    },
    {
      "trade_date": "2018-09-18 09:30:00",
      "asset_code": "002682.SZ",
      "stock_name": "龙洲股份",
      "operation_type": "SALE",
      "trade_price": 4.83516,
      "trade_amount": -10200,
      "trade_value": 49318.632,
      "commissions": 12.329658,
      "source_algo_name": null,
      "cost": 49.318632,
      "margin": null
    },
    {
      "trade_date": "2018-09-18 09:30:00",
      "asset_code": "600551.SH",
      "stock_name": "时代出版",
      "operation_type": "SALE",
      "trade_price": 8.03196,
      "trade_amount": -75000,
      "trade_value": 602397,
      "commissions": 150.59925,
      "source_algo_name": null,
      "cost": 602.397,
      "margin": null
    },
    {
      "trade_date": "2018-09-18 09:30:00",
      "asset_code": "000908.SZ",
      "stock_name": "景峰医药",
      "operation_type": "SALE",
      "trade_price": 4.45554,
      "trade_amount": -24400,
      "trade_value": 108715.176,
      "commissions": 27.178794000000003,
      "source_algo_name": null,
      "cost": 108.71517600000001,
      "margin": null
    },
    {
      "trade_date": "2018-09-18 09:30:00",
      "asset_code": "300410.SZ",
      "stock_name": "正业科技",
      "operation_type": "SALE",
      "trade_price": 21.058919999999997,
      "trade_amount": -19500,
      "trade_value": 410648.93999999994,
      "commissions": 102.66223499999998,
      "source_algo_name": null,
      "cost": 410.6489399999999,
      "margin": null
    },
    {
      "trade_date": "2018-09-18 09:30:00",
      "asset_code": "002464.SZ",
      "stock_name": "众应退",
      "operation_type": "SALE",
      "trade_price": 12.44754,
      "trade_amount": -28400,
      "trade_value": 353510.136,
      "commissions": 88.377534,
      "source_algo_name": null,
      "cost": 353.510136,
      "margin": null
    },
    {
      "trade_date": "2018-09-18 09:30:00",
      "asset_code": "300497.SZ",
      "stock_name": "富祥药业",
      "operation_type": "BUY",
      "trade_price": 16.60659,
      "trade_amount": 25600,
      "trade_value": 425128.704,
      "commissions": 106.282176,
      "source_algo_name": null,
      "cost": null,
      "margin": null
    },
    {
      "trade_date": "2018-09-18 09:30:00",
      "asset_code": "603123.SH",
      "stock_name": "翠微股份",
      "operation_type": "BUY",
      "trade_price": 5.8658600000000005,
      "trade_amount": 92100,
      "trade_value": 540245.706,
      "commissions": 135.0614265,
      "source_algo_name": null,
      "cost": null,
      "margin": null
    },
    {
      "trade_date": "2018-09-18 09:30:00",
      "asset_code": "511880.OF",
      "stock_name": "银华日利",
      "operation_type": "BUY",
      "trade_price": 102.940838,
      "trade_amount": 1300,
      "trade_value": 133823.0894,
      "commissions": 33.45577235,
      "source_algo_name": null,
      "cost": null,
      "margin": null
    },
    {
      "trade_date": "2018-09-18 09:30:00",
      "asset_code": "000785.SZ",
      "stock_name": "居然之家",
      "operation_type": "BUY",
      "trade_price": 7.27727,
      "trade_amount": 58000,
      "trade_value": 422081.66,
      "commissions": 105.520415,
      "source_algo_name": null,
      "cost": null,
      "margin": null
    },
    {
      "trade_date": "2018-08-27 09:30:00",
      "asset_code": "300497.SZ",
      "stock_name": "富祥药业",
      "operation_type": "SALE",
      "trade_price": 18.581400000000002,
      "trade_amount": -23700,
      "trade_value": 440379.18000000005,
      "commissions": 110.09479500000002,
      "source_algo_name": null,
      "cost": 440.3791800000001,
      "margin": null
    },
    {
      "trade_date": "2018-08-27 09:30:00",
      "asset_code": "002462.SZ",
      "stock_name": "嘉事堂",
      "operation_type": "SALE",
      "trade_price": 18.41157,
      "trade_amount": -21000,
      "trade_value": 386642.97000000003,
      "commissions": 96.66074250000001,
      "source_algo_name": null,
      "cost": 386.64297000000005,
      "margin": null
    },
    {
      "trade_date": "2018-08-27 09:30:00",
      "asset_code": "603380.SH",
      "stock_name": "易德龙",
      "operation_type": "SALE",
      "trade_price": 16.20378,
      "trade_amount": -20900,
      "trade_value": 338659.002,
      "commissions": 84.6647505,
      "source_algo_name": null,
      "cost": 338.659002,
      "margin": null
    },
    {
      "trade_date": "2018-08-27 09:30:00",
      "asset_code": "300410.SZ",
      "stock_name": "正业科技",
      "operation_type": "BUY",
      "trade_price": 21.3213,
      "trade_amount": 2100,
      "trade_value": 44774.73,
      "commissions": 11.193682500000001,
      "source_algo_name": null,
      "cost": null,
      "margin": null
    },
    {
      "trade_date": "2018-08-27 09:30:00",
      "asset_code": "511880.OF",
      "stock_name": "银华日利",
      "operation_type": "SALE",
      "trade_price": 102.579318,
      "trade_amount": -3000,
      "trade_value": 307737.954,
      "commissions": 76.93448850000001,
      "source_algo_name": null,
      "cost": 307.73795400000006,
      "margin": null
    },
    {
      "trade_date": "2018-08-27 09:30:00",
      "asset_code": "000908.SZ",
      "stock_name": "景峰医药",
      "operation_type": "BUY",
      "trade_price": 4.17417,
      "trade_amount": 121700,
      "trade_value": 507996.489,
      "commissions": 126.99912225,
      "source_algo_name": null,
      "cost": null,
      "margin": null
    },
    {
      "trade_date": "2018-08-27 09:30:00",
      "asset_code": "000419.SZ",
      "stock_name": "通程控股",
      "operation_type": "SALE",
      "trade_price": 4.7951999999999995,
      "trade_amount": -110300,
      "trade_value": 528910.5599999999,
      "commissions": 132.22763999999998,
      "source_algo_name": null,
      "cost": 528.9105599999999,
      "margin": null
    },
    {
      "trade_date": "2018-08-27 09:30:00",
      "asset_code": "002682.SZ",
      "stock_name": "龙洲股份",
      "operation_type": "BUY",
      "trade_price": 5.02502,
      "trade_amount": 104100,
      "trade_value": 523104.58199999994,
      "commissions": 130.77614549999998,
      "source_algo_name": null,
      "cost": null,
      "margin": null
    },
    {
      "trade_date": "2018-08-27 09:30:00",
      "asset_code": "002464.SZ",
      "stock_name": "众应退",
      "operation_type": "BUY",
      "trade_price": 11.12111,
      "trade_amount": 28400,
      "trade_value": 315839.524,
      "commissions": 78.959881,
      "source_algo_name": null,
      "cost": null,
      "margin": null
    },
    {
      "trade_date": "2018-08-27 09:30:00",
      "asset_code": "600551.SH",
      "stock_name": "时代出版",
      "operation_type": "BUY",
      "trade_price": 8.22822,
      "trade_amount": 75000,
      "trade_value": 617116.5,
      "commissions": 154.279125,
      "source_algo_name": null,
      "cost": null,
      "margin": null
    },
    {
      "trade_date": "2018-08-03 09:30:00",
      "asset_code": "603380.SH",
      "stock_name": "易德龙",
      "operation_type": "BUY",
      "trade_price": 16.38637,
      "trade_amount": 600,
      "trade_value": 9831.822,
      "commissions": 5,
      "source_algo_name": null,
      "cost": null,
      "margin": null
    },
    {
      "trade_date": "2018-08-03 09:30:00",
      "asset_code": "511880.OF",
      "stock_name": "银华日利",
      "operation_type": "BUY",
      "trade_price": 102.580478,
      "trade_amount": 1100,
      "trade_value": 112838.5258,
      "commissions": 28.20963145,
      "source_algo_name": null,
      "cost": null,
      "margin": null
    },
    {
      "trade_date": "2018-08-03 09:30:00",
      "asset_code": "002166.SZ",
      "stock_name": "莱茵生物",
      "operation_type": "SALE",
      "trade_price": 7.392600000000001,
      "trade_amount": -65800,
      "trade_value": 486433.0800000001,
      "commissions": 121.60827000000002,
      "source_algo_name": null,
      "cost": 486.4330800000001,
      "margin": null
    },
    {
      "trade_date": "2018-08-03 09:30:00",
      "asset_code": "300497.SZ",
      "stock_name": "富祥药业",
      "operation_type": "BUY",
      "trade_price": 17.92791,
      "trade_amount": 23700,
      "trade_value": 424891.467,
      "commissions": 106.22286675000001,
      "source_algo_name": null,
      "cost": null,
      "margin": null
    },
    {
      "trade_date": "2018-08-03 09:30:00",
      "asset_code": "000419.SZ",
      "stock_name": "通程控股",
      "operation_type": "SALE",
      "trade_price": 4.74525,
      "trade_amount": -1600,
      "trade_value": 7592.400000000001,
      "commissions": 5,
      "source_algo_name": null,
      "cost": 7.5924000000000005,
      "margin": null
    },
    {
      "trade_date": "2018-08-03 09:30:00",
      "asset_code": "300031.SZ",
      "stock_name": "宝通科技",
      "operation_type": "SALE",
      "trade_price": 13.4865,
      "trade_amount": -31000,
      "trade_value": 418081.5,
      "commissions": 104.520375,
      "source_algo_name": null,
      "cost": 418.0815,
      "margin": null
    },
    {
      "trade_date": "2018-08-03 09:30:00",
      "asset_code": "002462.SZ",
      "stock_name": "嘉事堂",
      "operation_type": "BUY",
      "trade_price": 20.27025,
      "trade_amount": 21000,
      "trade_value": 425675.25,
      "commissions": 106.4188125,
      "source_algo_name": null,
      "cost": null,
      "margin": null
    },
    {
      "trade_date": "2018-08-03 09:30:00",
      "asset_code": "002071.SZ",
      "stock_name": "长城退",
      "operation_type": "SALE",
      "trade_price": 5.68431,
      "trade_amount": -71900,
      "trade_value": 408701.889,
      "commissions": 102.17547225000001,
      "source_algo_name": null,
      "cost": 408.70188900000005,
      "margin": null
    },
    {
      "trade_date": "2018-08-03 09:30:00",
      "asset_code": "300410.SZ",
      "stock_name": "正业科技",
      "operation_type": "BUY",
      "trade_price": 21.7217,
      "trade_amount": 17400,
      "trade_value": 377957.57999999996,
      "commissions": 94.48939499999999,
      "source_algo_name": null,
      "cost": null,
      "margin": null
    },
    {
      "trade_date": "2018-07-12 09:30:00",
      "asset_code": "603380.SH",
      "stock_name": "易德龙",
      "operation_type": "SALE",
      "trade_price": 17.132849999999998,
      "trade_amount": -1200,
      "trade_value": 20559.42,
      "commissions": 5.139855,
      "source_algo_name": null,
      "cost": 20.55942,
      "margin": null
    },
    {
      "trade_date": "2018-07-12 09:30:00",
      "asset_code": "002166.SZ",
      "stock_name": "莱茵生物",
      "operation_type": "BUY",
      "trade_price": 7.2072,
      "trade_amount": 3000,
      "trade_value": 21621.600000000002,
      "commissions": 5.405400000000001,
      "source_algo_name": null,
      "cost": null,
      "margin": null
    }
  ]
}
